create database hp;
USE HP;

-- phpMyAdmin SQL Dump
-- version 5.2.0
-- https://www.phpmyadmin.net/
--
-- Host: 127.0.0.1
-- Tempo de geração: 14-Nov-2022 às 13:11
-- Versão do servidor: 10.4.24-MariaDB
-- versão do PHP: 8.1.6

SET SQL_MODE = "NO_AUTO_VALUE_ON_ZERO";
START TRANSACTION;
SET time_zone = "+00:00";


/*!40101 SET @OLD_CHARACTER_SET_CLIENT=@@CHARACTER_SET_CLIENT */;
/*!40101 SET @OLD_CHARACTER_SET_RESULTS=@@CHARACTER_SET_RESULTS */;
/*!40101 SET @OLD_COLLATION_CONNECTION=@@COLLATION_CONNECTION */;
/*!40101 SET NAMES utf8mb4 */;

--
-- Banco de dados: `hp`
--

-- --------------------------------------------------------

--
-- Estrutura da tabela `auth_assignment`
--

CREATE TABLE `auth_assignment` (
  `item_name` varchar(64) COLLATE utf8_unicode_ci NOT NULL,
  `user_id` varchar(64) COLLATE utf8_unicode_ci NOT NULL,
  `created_at` int(11) DEFAULT NULL
) ENGINE=InnoDB DEFAULT CHARSET=utf8 COLLATE=utf8_unicode_ci;

-- --------------------------------------------------------

--
-- Estrutura da tabela `auth_item`
--

CREATE TABLE `auth_item` (
  `name` varchar(64) COLLATE utf8_unicode_ci NOT NULL,
  `type` smallint(6) NOT NULL,
  `description` text COLLATE utf8_unicode_ci DEFAULT NULL,
  `rule_name` varchar(64) COLLATE utf8_unicode_ci DEFAULT NULL,
  `data` blob DEFAULT NULL,
  `created_at` int(11) DEFAULT NULL,
  `updated_at` int(11) DEFAULT NULL
) ENGINE=InnoDB DEFAULT CHARSET=utf8 COLLATE=utf8_unicode_ci;

--
-- Extraindo dados da tabela `auth_item`
--

INSERT INTO `auth_item` (`name`, `type`, `description`, `rule_name`, `data`, `created_at`, `updated_at`) VALUES
('admin', 1, NULL, NULL, NULL, 1667818844, 1667818844),
('cliente', 1, NULL, NULL, NULL, 1667818844, 1667818844),
('colabCozinha', 1, NULL, NULL, NULL, 1667818844, 1667818844),
('colabLimpeza', 1, NULL, NULL, NULL, 1667818844, 1667818844),
('crudAll', 2, 'CRUD para o Administrador', NULL, NULL, 1667818844, 1667818844),
('crudCliente', 2, 'Permissões de CLiente', NULL, NULL, 1667818844, 1667818844),
('crudCozinha', 2, 'CRUD na Cozinha', NULL, NULL, 1667818844, 1667818844),
('crudLimpeza', 2, 'CRUD de Limpeza', NULL, NULL, 1667818844, 1667818844);

-- --------------------------------------------------------

--
-- Estrutura da tabela `auth_item_child`
--

CREATE TABLE `auth_item_child` (
  `parent` varchar(64) COLLATE utf8_unicode_ci NOT NULL,
  `child` varchar(64) COLLATE utf8_unicode_ci NOT NULL
) ENGINE=InnoDB DEFAULT CHARSET=utf8 COLLATE=utf8_unicode_ci;

--
-- Extraindo dados da tabela `auth_item_child`
--

INSERT INTO `auth_item_child` (`parent`, `child`) VALUES
('admin', 'crudAll'),
('admin', 'crudCliente'),
('admin', 'crudCozinha'),
('admin', 'crudLimpeza'),
('cliente', 'crudCliente'),
('colabCozinha', 'crudCliente'),
('colabCozinha', 'crudCozinha'),
('colabLimpeza', 'crudCliente'),
('colabLimpeza', 'crudLimpeza');

-- --------------------------------------------------------

--
-- Estrutura da tabela `auth_rule`
--

CREATE TABLE `auth_rule` (
  `name` varchar(64) COLLATE utf8_unicode_ci NOT NULL,
  `data` blob DEFAULT NULL,
  `created_at` int(11) DEFAULT NULL,
  `updated_at` int(11) DEFAULT NULL
) ENGINE=InnoDB DEFAULT CHARSET=utf8 COLLATE=utf8_unicode_ci;

-- --------------------------------------------------------

--
-- Estrutura da tabela `migration`
--

CREATE TABLE `migration` (
  `version` varchar(180) NOT NULL,
  `apply_time` int(11) DEFAULT NULL
) ENGINE=InnoDB DEFAULT CHARSET=utf8mb4;

--
-- Extraindo dados da tabela `migration`
--

INSERT INTO `migration` (`version`, `apply_time`) VALUES
('m000000_000000_base', 1667818713),
('m130524_201442_init', 1667818715),
('m140506_102106_rbac_init', 1667818764),
('m170907_052038_rbac_add_index_on_auth_assignment_user_id', 1667818764),
('m180523_151638_rbac_updates_indexes_without_prefix', 1667818764),
('m190124_110200_add_verification_token_column_to_user_table', 1667818715),
('m200409_110543_rbac_update_mssql_trigger', 1667818764),
('m221107_105932_init_rbac', 1667818844);

-- --------------------------------------------------------

--
-- Estrutura da tabela `user`
--

CREATE TABLE `user` (
  `id` int(11) NOT NULL,
  `username` varchar(255) COLLATE utf8_unicode_ci NOT NULL,
  `auth_key` varchar(32) COLLATE utf8_unicode_ci NOT NULL,
  `password_hash` varchar(255) COLLATE utf8_unicode_ci NOT NULL,
  `password_reset_token` varchar(255) COLLATE utf8_unicode_ci DEFAULT NULL,
  `email` varchar(255) COLLATE utf8_unicode_ci NOT NULL,
  `status` smallint(6) NOT NULL DEFAULT 10,
  `created_at` int(11) NOT NULL,
  `updated_at` int(11) NOT NULL,
  `verification_token` varchar(255) COLLATE utf8_unicode_ci DEFAULT NULL
) ENGINE=InnoDB DEFAULT CHARSET=utf8 COLLATE=utf8_unicode_ci;

--
-- Índices para tabela `auth_assignment`
--
ALTER TABLE `auth_assignment`
  ADD PRIMARY KEY (`user_id`),
  ADD KEY `idx-auth_assignment-user_id` (`user_id`);

--
-- Índices para tabela `auth_item`
--
ALTER TABLE `auth_item`
  ADD PRIMARY KEY (`name`),
  ADD KEY `rule_name` (`rule_name`),
  ADD KEY `idx-auth_item-type` (`type`);

--
-- Índices para tabela `auth_item_child`
--
ALTER TABLE `auth_item_child`
  ADD PRIMARY KEY (`parent`,`child`),
  ADD KEY `child` (`child`);

--
-- Índices para tabela `auth_rule`
--
ALTER TABLE `auth_rule`
  ADD PRIMARY KEY (`name`);

--
-- Índices para tabela `migration`
--
ALTER TABLE `migration`
  ADD PRIMARY KEY (`version`);

--
-- Índices para tabela `user`
--
ALTER TABLE `user`
  ADD PRIMARY KEY (`id`),
  ADD UNIQUE KEY `username` (`username`),
  ADD UNIQUE KEY `email` (`email`),
  ADD UNIQUE KEY `password_reset_token` (`password_reset_token`);

--
-- AUTO_INCREMENT de tabelas despejadas
--

--
-- AUTO_INCREMENT de tabela `user`
--
ALTER TABLE `user`
  MODIFY `id` int(11) NOT NULL AUTO_INCREMENT, AUTO_INCREMENT=5;

--
-- Restrições para despejos de tabelas
--

--
-- Limitadores para a tabela `auth_assignment`
--
ALTER TABLE `auth_assignment`
  ADD CONSTRAINT `auth_assignment_ibfk_1` FOREIGN KEY (`item_name`) REFERENCES `auth_item` (`name`) ON DELETE CASCADE ON UPDATE CASCADE;

--
-- Limitadores para a tabela `auth_item`
--
ALTER TABLE `auth_item`
  ADD CONSTRAINT `auth_item_ibfk_1` FOREIGN KEY (`rule_name`) REFERENCES `auth_rule` (`name`) ON DELETE SET NULL ON UPDATE CASCADE;

--
-- Limitadores para a tabela `auth_item_child`
--
ALTER TABLE `auth_item_child`
  ADD CONSTRAINT `auth_item_child_ibfk_1` FOREIGN KEY (`parent`) REFERENCES `auth_item` (`name`) ON DELETE CASCADE ON UPDATE CASCADE,
  ADD CONSTRAINT `auth_item_child_ibfk_2` FOREIGN KEY (`child`) REFERENCES `auth_item` (`name`) ON DELETE CASCADE ON UPDATE CASCADE;
COMMIT;

/*!40101 SET CHARACTER_SET_CLIENT=@OLD_CHARACTER_SET_CLIENT */;
/*!40101 SET CHARACTER_SET_RESULTS=@OLD_CHARACTER_SET_RESULTS */;
/*!40101 SET COLLATION_CONNECTION=@OLD_COLLATION_CONNECTION */;


CREATE DATABASE IF NOT EXISTS hp;

USE hp;

ALTER TABLE `user`
ADD nome VARCHAR (50) NOT NULL,
ADD apelido VARCHAR (50) NOT NULL,
ADD cargo ENUM('cliente','limpezas','restauração','admin') NOT NULL,
ADD nif INT(9) NOT NULL,
ADD telefone INT(9);

CREATE TABLE IF NOT EXISTS quartos(
id INT(4) NOT NULL PRIMARY KEY,
lotacao INT NOT NULL,
nrCamas INT NOT NULL,
nrCasasBanho INT NOT NULL,
acessoDef ENUM('sim','não') NOT NULL,
valorNoite DECIMAL (6,2) NOT NULL
)ENGINE = InnoDB;

CREATE TABLE IF NOT EXISTS mesas(
id INT NOT NULL PRIMARY KEY AUTO_INCREMENT,
lotacao INT NOT NULL,
forma ENUM('redonda','quadrada','retângular') NOT NULL
)ENGINE = InnoDB;

CREATE TABLE IF NOT EXISTS mesasMarcacoes(
id INT NOT NULL Primary Key AUTO_INCREMENT,
idCliente INT NOT NULL,
idMesa INT NOT NULL,
nrPessoas INT NOT NULL,
data datetime NOT NULL,
estado ENUM('entregue','não entregue') NOT NULL
)ENGINE = InnoDB;

CREATE TABLE IF NOT EXISTS estadias(
id INT AUTO_INCREMENT PRIMARY KEY,
dataPedido date NOT NULL,
idCliente INT NOT NULL,
idQuarto INT NOT NULL,
dataInicio DATE NOT NULL,
dataTermo DATE NOT NULL,
duracao INT NOT NULL,
lotacao INT NOT NULL,
valorTotal DECIMAL (7,2) NOT NULL
)ENGINE = InnoDB;

CREATE TABLE IF NOT EXISTS checkIns(
idEstadia INT NOT NULL PRIMARY KEY AUTO_INCREMENT,
estado ENUM('pago','não pago') NOT NULL
)ENGINE = InnoDB;

CREATE TABLE IF NOT EXISTS limpezas(
id INT NOT NULL PRIMARY KEY AUTO_INCREMENT,
idColaborador INT NOT NULL,
idCliente INT NOT NULL,
idQuarto INT NOT NULL,
data DATETIME NOT NULL,
estado ENUM('limpo','por limpar') NOT NULL,
perturbar ENUM('Não Pertubar', 'Perturbar') NOT NULL 
)ENGINE = InnoDB;


ALTER TABLE `mesasMarcacoes`
  ADD CONSTRAINT `fk_mesasMarcacoes_idCliente` FOREIGN KEY (`idCliente`) REFERENCES `user` (`id`),
  ADD CONSTRAINT `fk_mesasMarcacoes_idMesa` FOREIGN KEY (`idMesa`) REFERENCES `mesas` (`id`);
COMMIT;

ALTER TABLE `estadias`
  ADD CONSTRAINT `fk_estadias_idCliente` FOREIGN KEY (`idCliente`) REFERENCES `user` (`id`),
  ADD CONSTRAINT `fk_estadias_idQuarto` FOREIGN KEY (`idQuarto`) REFERENCES `quartos` (`id`);
COMMIT;

ALTER TABLE `checkIns`
  ADD CONSTRAINT `fk_checkIns_idEstadia` FOREIGN KEY (`idEstadia`) REFERENCES `estadias` (`id`);
COMMIT;

ALTER TABLE `limpezas`
  ADD CONSTRAINT `fk_limpezas_idColaborador` FOREIGN KEY (`idColaborador`) REFERENCES `user` (`id`),
  ADD CONSTRAINT `fk_limpezas_idCliente` FOREIGN KEY (`idCliente`) REFERENCES `user` (`id`),
  ADD CONSTRAINT `fk_limpezas_idQuarto` FOREIGN KEY (`idQuarto`) REFERENCES `quartos` (`id`);
COMMIT;















